"Name","Domain","Site"
"S09599NT0004US.IDM-A.LAB.WAL-MART.COM","IDM-A.LAB.WAL-MART.COM","UNIX-LAB"
"S09599NT0008US.IDM-A.LAB.WAL-MART.COM","IDM-A.LAB.WAL-MART.COM","UNIX-LAB"
"S09599NT0009US.IDM-A.LAB.WAL-MART.COM","IDM-A.LAB.WAL-MART.COM","UNIX-LAB"
"S09599NT0010US.IDM-A.LAB.WAL-MART.COM","IDM-A.LAB.WAL-MART.COM","UNIX-LAB"
"LLBNT00002USP04.LAB.WAL-MART.COM","LAB.WAL-MART.COM","UNIX-LAB"
"LLBNT00040USV04.LAB.WAL-MART.COM","LAB.WAL-MART.COM","UNIX-LAB"
"S09599NT0012US.LAB.WAL-MART.COM","LAB.WAL-MART.COM","UNIX-LAB"
"S09599NT0013US.LAB.WAL-MART.COM","LAB.WAL-MART.COM","UNIX-LAB"
"S09599NT0019US.LAB.WAL-MART.COM","LAB.WAL-MART.COM","Isolation"
"S09599NT0005US.WMCT.LAB.WAL-MART.COM","WMCT.LAB.WAL-MART.COM","LAB-WMCT"
"S09599NT0007US.WMCT.LAB.WAL-MART.COM","WMCT.LAB.WAL-MART.COM","LAB-WMCT"
"S09599NT0014US.WMCT.LAB.WAL-MART.COM","WMCT.LAB.WAL-MART.COM","LAB-WMCT"
